policy,cases,top1,top3,top5,avg_at_5
baro_full_baseline,890,0.12921348314606743,0.3797752808988764,0.5808988764044943,0.3678651685393258
