service_family,cases,top1,top3,top5,avg_at_5
cache,116,0.034482758620689655,0.27586206896551724,0.5603448275862069,0.2827586206896552
database,168,0.07738095238095238,0.3333333333333333,0.5476190476190477,0.3190476190476191
logging,134,0.007462686567164179,0.1044776119402985,0.2537313432835821,0.10895522388059702
mobile,300,0.29333333333333333,0.64,0.78,0.588
web,172,0.05232558139534884,0.2558139534883721,0.5348837209302325,0.29069767441860467
