service_family,cases,top1,top3,top5,avg_at_5
cache,116,0.06896551724137931,0.3103448275862069,0.5344827586206896,0.3086206896551724
database,168,0.1488095238095238,0.35119047619047616,0.5535714285714286,0.34285714285714286
logging,134,0.022388059701492536,0.16417910447761194,0.29850746268656714,0.15970149253731344
mobile,300,0.2966666666666667,0.5533333333333333,0.65,0.512
web,172,0.11627906976744186,0.4069767441860465,0.5930232558139535,0.3790697674418605
