policy,cases,top1,top3,top5,avg_at_5
mrca_style_full_baseline,890,0.16292134831460675,0.39662921348314606,0.5528089887640449,0.3748314606741573
